{"cameraMode":{"drawMode":0,"name":"Shaded","section":"Shading Mode"},"sceneLighting":true,"audioPlay":false,"sceneViewState":{"showFog":true,"showMaterialUpdate":false,"showSkybox":true,"showFlares":true,"showImageEffects":true,"showParticleSystems":true},"in2DMode":false,"pivot":{"x":375.8940734863281,"y":263.38604736328127,"z":20.785675048828126},"rotation":{"x":-0.009309513494372368,"y":0.0005980326095595956,"z":-0.0000051796519073832317,"w":-0.9999595880508423},"size":388.545654296875,"orthographic":false}