{"cameraMode":{"drawMode":0,"name":"Shaded","section":"Shading Mode"},"sceneLighting":true,"audioPlay":false,"sceneViewState":{"showFog":true,"showMaterialUpdate":false,"showSkybox":true,"showFlares":true,"showImageEffects":true,"showParticleSystems":true},"in2DMode":false,"pivot":{"x":14.729523658752442,"y":41.252620697021487,"z":67.24415588378906},"rotation":{"x":0.1446743607521057,"y":0.25513362884521487,"z":-0.038644466549158099,"w":0.9552570581436157},"size":14.054137229919434,"orthographic":false}