{"cameraMode":{"drawMode":0,"name":"Shaded","section":"Shading Mode"},"sceneLighting":true,"audioPlay":false,"sceneViewState":{"showFog":true,"showMaterialUpdate":false,"showSkybox":true,"showFlares":true,"showImageEffects":true,"showParticleSystems":true},"in2DMode":false,"pivot":{"x":0.338515967130661,"y":1.3161776065826417,"z":0.05562782287597656},"rotation":{"x":-0.019808199256658555,"y":0.005097209941595793,"z":-0.00010028563701780513,"w":-0.9997955560684204},"size":5.115767002105713,"orthographic":false}