{"cameraMode":{"drawMode":0,"name":"Shaded","section":"Shading Mode"},"sceneLighting":true,"audioPlay":false,"sceneViewState":{"showFog":true,"showMaterialUpdate":false,"showSkybox":true,"showFlares":true,"showImageEffects":true,"showParticleSystems":true},"in2DMode":false,"pivot":{"x":30.885271072387697,"y":-1.236623764038086,"z":243.38912963867188},"rotation":{"x":-0.1262529194355011,"y":0.8124890923500061,"z":-0.19135929644107819,"w":-0.5360373258590698},"size":30.004653930664064,"orthographic":false}