{"cameraMode":{"drawMode":0,"name":"Shaded","section":"Shading Mode"},"sceneLighting":true,"audioPlay":false,"sceneViewState":{"showFog":true,"showMaterialUpdate":false,"showSkybox":true,"showFlares":true,"showImageEffects":true,"showParticleSystems":true},"in2DMode":false,"pivot":{"x":36.7452392578125,"y":0.38541412353515627,"z":241.37045288085938},"rotation":{"x":-0.31943151354789736,"y":-0.1854255348443985,"z":0.06389215588569641,"w":-0.9271066784858704},"size":215.877197265625,"orthographic":false}