{"cameraMode":{"drawMode":0,"name":"Shaded","section":"Shading Mode"},"sceneLighting":true,"audioPlay":false,"sceneViewState":{"showFog":true,"showMaterialUpdate":false,"showSkybox":true,"showFlares":true,"showImageEffects":true,"showParticleSystems":true},"in2DMode":false,"pivot":{"x":0.8689495921134949,"y":-5.332612037658691,"z":4.564250946044922},"rotation":{"x":-0.3241530656814575,"y":-0.03206280246376991,"z":0.010995199903845787,"w":-0.9454091787338257},"size":22.45914649963379,"orthographic":false}